,id,point,type,site
0,37a3f3c8-56ff-4221-840e-47003d89c05c,http://buildsys.org/ontologies/bldg1#bldg1.ZONE.AHU01.RM120.Zone_Air_Temp,https://brickschema.org/schema/Brick#Zone_Air_Temperature_Sensor,bldg1
1,37a3f3c8-56ff-4221-840e-47003d89c05c,http://buildsys.org/ontologies/bldg1#bldg1.ZONE.AHU01.RM120.Zone_Air_Temp,https://brickschema.org/schema/Brick#Zone_Air_Temperature_Sensor,bldg1
2,10c44888-5691-4f9e-831f-ce29f96ae468,http://buildsys.org/ontologies/bldg1#bldg1.ZONE.AHU02.RM112.Zone_Air_Temp,https://brickschema.org/schema/Brick#Zone_Air_Temperature_Sensor,bldg1
3,10c44888-5691-4f9e-831f-ce29f96ae468,http://buildsys.org/ontologies/bldg1#bldg1.ZONE.AHU02.RM112.Zone_Air_Temp,https://brickschema.org/schema/Brick#Zone_Air_Temperature_Sensor,bldg1
4,564950c4-d62d-44fd-8014-58acf3e4533f,http://buildsys.org/ontologies/bldg1#bldg1.ZONE.AHU01.RM115.Zone_Air_Temp,https://brickschema.org/schema/Brick#Zone_Air_Temperature_Sensor,bldg1
5,564950c4-d62d-44fd-8014-58acf3e4533f,http://buildsys.org/ontologies/bldg1#bldg1.ZONE.AHU01.RM115.Zone_Air_Temp,https://brickschema.org/schema/Brick#Zone_Air_Temperature_Sensor,bldg1
6,00334ace-f382-4d3c-a079-f91d870aa40c,http://buildsys.org/ontologies/bldg1#bldg1.ZONE.AHU02.RM110.Zone_Air_Temp,https://brickschema.org/schema/Brick#Zone_Air_Temperature_Sensor,bldg1
7,00334ace-f382-4d3c-a079-f91d870aa40c,http://buildsys.org/ontologies/bldg1#bldg1.ZONE.AHU02.RM110.Zone_Air_Temp,https://brickschema.org/schema/Brick#Zone_Air_Temperature_Sensor,bldg1
8,7d3d3aee-c505-4a4d-b1a4-019b8bcd9485,http://buildsys.org/ontologies/bldg1#bldg1.ZONE.AHU02.RM100.Zone_Air_Temp,https://brickschema.org/schema/Brick#Zone_Air_Temperature_Sensor,bldg1
9,7d3d3aee-c505-4a4d-b1a4-019b8bcd9485,http://buildsys.org/ontologies/bldg1#bldg1.ZONE.AHU02.RM100.Zone_Air_Temp,https://brickschema.org/schema/Brick#Zone_Air_Temperature_Sensor,bldg1
10,a2b6510f-cf4f-4edd-a080-b8f4b35968d9,http://buildsys.org/ontologies/bldg1#bldg1.ZONE.AHU01.RM107A.Zone_Air_Temp,https://brickschema.org/schema/Brick#Zone_Air_Temperature_Sensor,bldg1
11,a2b6510f-cf4f-4edd-a080-b8f4b35968d9,http://buildsys.org/ontologies/bldg1#bldg1.ZONE.AHU01.RM107A.Zone_Air_Temp,https://brickschema.org/schema/Brick#Zone_Air_Temperature_Sensor,bldg1
12,1945a6e7-ea50-44d0-a498-0bb4b7ec1ad7,http://buildsys.org/ontologies/bldg1#bldg1.ZONE.AHU02.RM103.Zone_Air_Temp,https://brickschema.org/schema/Brick#Zone_Air_Temperature_Sensor,bldg1
13,1945a6e7-ea50-44d0-a498-0bb4b7ec1ad7,http://buildsys.org/ontologies/bldg1#bldg1.ZONE.AHU02.RM103.Zone_Air_Temp,https://brickschema.org/schema/Brick#Zone_Air_Temperature_Sensor,bldg1
14,83a50f19-24a6-4acf-af12-d83129e6aea1,http://buildsys.org/ontologies/bldg1#bldg1.ZONE.AHU01.RM107B.Zone_Air_Temp,https://brickschema.org/schema/Brick#Zone_Air_Temperature_Sensor,bldg1
15,83a50f19-24a6-4acf-af12-d83129e6aea1,http://buildsys.org/ontologies/bldg1#bldg1.ZONE.AHU01.RM107B.Zone_Air_Temp,https://brickschema.org/schema/Brick#Zone_Air_Temperature_Sensor,bldg1
16,5a70fc66-8b46-4919-a43e-e4b73dd09abd,http://buildsys.org/ontologies/bldg1#bldg1.CHW.Building_Chilled_Water_Return_Temp,https://brickschema.org/schema/Brick#Chilled_Water_Return_Temperature_Sensor,bldg1
17,5a70fc66-8b46-4919-a43e-e4b73dd09abd,http://buildsys.org/ontologies/bldg1#bldg1.CHW.Building_Chilled_Water_Return_Temp,https://brickschema.org/schema/Brick#Chilled_Water_Return_Temperature_Sensor,bldg1
18,5345c909-f9ac-47e0-831d-2560a3e87542,http://buildsys.org/ontologies/bldg1#bldg1.CHW.Loop_Chilled_Water_Return_Temp,https://brickschema.org/schema/Brick#Chilled_Water_Return_Temperature_Sensor,bldg1
19,5345c909-f9ac-47e0-831d-2560a3e87542,http://buildsys.org/ontologies/bldg1#bldg1.CHW.Loop_Chilled_Water_Return_Temp,https://brickschema.org/schema/Brick#Chilled_Water_Return_Temperature_Sensor,bldg1
20,294655d6-919b-4376-a625-65a34799bf49,http://buildsys.org/ontologies/bldg1#bldg1.AHU.AHU02.Cooling_Valve_Output,https://brickschema.org/schema/Brick#Valve_Command,bldg1
21,294655d6-919b-4376-a625-65a34799bf49,http://buildsys.org/ontologies/bldg1#bldg1.AHU.AHU02.Cooling_Valve_Output,https://brickschema.org/schema/Brick#Valve_Command,bldg1
22,294655d6-919b-4376-a625-65a34799bf49,http://buildsys.org/ontologies/bldg1#bldg1.AHU.AHU02.Cooling_Valve_Output,https://brickschema.org/schema/Brick#Cooling_Command,bldg1
23,294655d6-919b-4376-a625-65a34799bf49,http://buildsys.org/ontologies/bldg1#bldg1.AHU.AHU02.Cooling_Valve_Output,https://brickschema.org/schema/Brick#Cooling_Command,bldg1
24,6bfc2495-f9bf-43b2-a328-51a3deb99271,http://buildsys.org/ontologies/bldg1#bldg1.AHU.AHU02.CCV,https://brickschema.org/schema/Brick#Valve_Command,bldg1
25,6bfc2495-f9bf-43b2-a328-51a3deb99271,http://buildsys.org/ontologies/bldg1#bldg1.AHU.AHU02.CCV,https://brickschema.org/schema/Brick#Valve_Command,bldg1
26,6bfc2495-f9bf-43b2-a328-51a3deb99271,http://buildsys.org/ontologies/bldg1#bldg1.AHU.AHU02.CCV,https://brickschema.org/schema/Brick#Cooling_Command,bldg1
27,6bfc2495-f9bf-43b2-a328-51a3deb99271,http://buildsys.org/ontologies/bldg1#bldg1.AHU.AHU02.CCV,https://brickschema.org/schema/Brick#Cooling_Command,bldg1
28,c632b4c5-8744-4540-aa70-9b2d095cf6c3,http://buildsys.org/ontologies/bldg1#bldg1.AHU.AHU01.CCV,https://brickschema.org/schema/Brick#Valve_Command,bldg1
29,c632b4c5-8744-4540-aa70-9b2d095cf6c3,http://buildsys.org/ontologies/bldg1#bldg1.AHU.AHU01.CCV,https://brickschema.org/schema/Brick#Valve_Command,bldg1
30,c632b4c5-8744-4540-aa70-9b2d095cf6c3,http://buildsys.org/ontologies/bldg1#bldg1.AHU.AHU01.CCV,https://brickschema.org/schema/Brick#Cooling_Command,bldg1
31,c632b4c5-8744-4540-aa70-9b2d095cf6c3,http://buildsys.org/ontologies/bldg1#bldg1.AHU.AHU01.CCV,https://brickschema.org/schema/Brick#Cooling_Command,bldg1
32,7c54d613-bec5-4a5d-84a8-e83e97990809,http://buildsys.org/ontologies/bldg1#bldg1.AHU.AHU01.Cooling_Valve_Output,https://brickschema.org/schema/Brick#Valve_Command,bldg1
33,7c54d613-bec5-4a5d-84a8-e83e97990809,http://buildsys.org/ontologies/bldg1#bldg1.AHU.AHU01.Cooling_Valve_Output,https://brickschema.org/schema/Brick#Valve_Command,bldg1
34,7c54d613-bec5-4a5d-84a8-e83e97990809,http://buildsys.org/ontologies/bldg1#bldg1.AHU.AHU01.Cooling_Valve_Output,https://brickschema.org/schema/Brick#Cooling_Command,bldg1
35,7c54d613-bec5-4a5d-84a8-e83e97990809,http://buildsys.org/ontologies/bldg1#bldg1.AHU.AHU01.Cooling_Valve_Output,https://brickschema.org/schema/Brick#Cooling_Command,bldg1
36,4e67515a-197e-4202-a350-c7b5c79f9f09,http://buildsys.org/ontologies/bldg1#bldg1.ZONE.AHU01.RM107B.Zone_Air_Control_Temp,https://brickschema.org/schema/Brick#Zone_Air_Temperature_Setpoint,bldg1
37,4e67515a-197e-4202-a350-c7b5c79f9f09,http://buildsys.org/ontologies/bldg1#bldg1.ZONE.AHU01.RM107B.Zone_Air_Control_Temp,https://brickschema.org/schema/Brick#Zone_Air_Temperature_Setpoint,bldg1
38,2a1baa2b-a062-4758-b791-c7000e74abe1,http://buildsys.org/ontologies/bldg1#bldg1.ZONE.AHU01.RM120.Zone_Air_Temp_Setpoint,https://brickschema.org/schema/Brick#Zone_Air_Temperature_Setpoint,bldg1
39,2a1baa2b-a062-4758-b791-c7000e74abe1,http://buildsys.org/ontologies/bldg1#bldg1.ZONE.AHU01.RM120.Zone_Air_Temp_Setpoint,https://brickschema.org/schema/Brick#Zone_Air_Temperature_Setpoint,bldg1
40,cc3e347c-2099-4199-ae71-e1a9004f9f63,http://buildsys.org/ontologies/bldg1#bldg1.ZONE.AHU02.RM112.Zone_Air_Control_Temp,https://brickschema.org/schema/Brick#Zone_Air_Temperature_Setpoint,bldg1
41,cc3e347c-2099-4199-ae71-e1a9004f9f63,http://buildsys.org/ontologies/bldg1#bldg1.ZONE.AHU02.RM112.Zone_Air_Control_Temp,https://brickschema.org/schema/Brick#Zone_Air_Temperature_Setpoint,bldg1
42,54313725-da1e-477a-8ec7-1ad256e0a2d7,http://buildsys.org/ontologies/bldg1#bldg1.ZONE.AHU02.RM103.Zone_Air_Control_Temp,https://brickschema.org/schema/Brick#Zone_Air_Temperature_Setpoint,bldg1
43,54313725-da1e-477a-8ec7-1ad256e0a2d7,http://buildsys.org/ontologies/bldg1#bldg1.ZONE.AHU02.RM103.Zone_Air_Control_Temp,https://brickschema.org/schema/Brick#Zone_Air_Temperature_Setpoint,bldg1
44,68bb9792-c054-4238-8f3b-3b29d8bc2f82,http://buildsys.org/ontologies/bldg1#bldg1.ZONE.AHU01.RM115.Zone_Air_Control_Temp,https://brickschema.org/schema/Brick#Zone_Air_Temperature_Setpoint,bldg1
45,68bb9792-c054-4238-8f3b-3b29d8bc2f82,http://buildsys.org/ontologies/bldg1#bldg1.ZONE.AHU01.RM115.Zone_Air_Control_Temp,https://brickschema.org/schema/Brick#Zone_Air_Temperature_Setpoint,bldg1
46,4874907e-a808-4a6b-bdd4-e37a0b094478,http://buildsys.org/ontologies/bldg1#bldg1.ZONE.AHU01.RM107B.Zone_Air_Temp_Setpoint,https://brickschema.org/schema/Brick#Zone_Air_Temperature_Setpoint,bldg1
47,4874907e-a808-4a6b-bdd4-e37a0b094478,http://buildsys.org/ontologies/bldg1#bldg1.ZONE.AHU01.RM107B.Zone_Air_Temp_Setpoint,https://brickschema.org/schema/Brick#Zone_Air_Temperature_Setpoint,bldg1
48,59b93fef-a0ab-4f2d-a036-01c62bfa8a4a,http://buildsys.org/ontologies/bldg1#bldg1.ZONE.AHU01.RM107A.Zone_Air_Control_Temp,https://brickschema.org/schema/Brick#Zone_Air_Temperature_Setpoint,bldg1
49,59b93fef-a0ab-4f2d-a036-01c62bfa8a4a,http://buildsys.org/ontologies/bldg1#bldg1.ZONE.AHU01.RM107A.Zone_Air_Control_Temp,https://brickschema.org/schema/Brick#Zone_Air_Temperature_Setpoint,bldg1
50,bef4c510-4130-4440-a60f-3e6458cc971c,http://buildsys.org/ontologies/bldg1#bldg1.ZONE.AHU01.RM115.Zone_Air_Temp_Setpoint,https://brickschema.org/schema/Brick#Zone_Air_Temperature_Setpoint,bldg1
51,bef4c510-4130-4440-a60f-3e6458cc971c,http://buildsys.org/ontologies/bldg1#bldg1.ZONE.AHU01.RM115.Zone_Air_Temp_Setpoint,https://brickschema.org/schema/Brick#Zone_Air_Temperature_Setpoint,bldg1
52,01b69ab8-b5bb-4cc4-ac30-692f4544fc5e,http://buildsys.org/ontologies/bldg1#bldg1.ZONE.AHU02.RM103.Zone_Air_Temp_Setpoint,https://brickschema.org/schema/Brick#Zone_Air_Temperature_Setpoint,bldg1
53,01b69ab8-b5bb-4cc4-ac30-692f4544fc5e,http://buildsys.org/ontologies/bldg1#bldg1.ZONE.AHU02.RM103.Zone_Air_Temp_Setpoint,https://brickschema.org/schema/Brick#Zone_Air_Temperature_Setpoint,bldg1
54,2cb39f2b-27e0-4611-a663-2de371007ff7,http://buildsys.org/ontologies/bldg1#bldg1.ZONE.AHU01.RM107A.Zone_Air_Temp_Setpoint,https://brickschema.org/schema/Brick#Zone_Air_Temperature_Setpoint,bldg1
55,2cb39f2b-27e0-4611-a663-2de371007ff7,http://buildsys.org/ontologies/bldg1#bldg1.ZONE.AHU01.RM107A.Zone_Air_Temp_Setpoint,https://brickschema.org/schema/Brick#Zone_Air_Temperature_Setpoint,bldg1
56,61dfafca-749c-40db-8e53-9b8d3385f4e4,http://buildsys.org/ontologies/bldg1#bldg1.ZONE.AHU02.RM100.Zone_Air_Control_Temp,https://brickschema.org/schema/Brick#Zone_Air_Temperature_Setpoint,bldg1
57,61dfafca-749c-40db-8e53-9b8d3385f4e4,http://buildsys.org/ontologies/bldg1#bldg1.ZONE.AHU02.RM100.Zone_Air_Control_Temp,https://brickschema.org/schema/Brick#Zone_Air_Temperature_Setpoint,bldg1
58,cdd68af8-e620-4212-8056-6dc1c80e2bc7,http://buildsys.org/ontologies/bldg1#bldg1.ZONE.AHU02.RM100.Zone_Air_Temp_Setpoint,https://brickschema.org/schema/Brick#Zone_Air_Temperature_Setpoint,bldg1
59,cdd68af8-e620-4212-8056-6dc1c80e2bc7,http://buildsys.org/ontologies/bldg1#bldg1.ZONE.AHU02.RM100.Zone_Air_Temp_Setpoint,https://brickschema.org/schema/Brick#Zone_Air_Temperature_Setpoint,bldg1
60,aaaf9ec7-f065-4186-a42c-01c2e485504e,http://buildsys.org/ontologies/bldg1#bldg1.ZONE.AHU02.RM112.Zone_Air_Temp_Setpoint,https://brickschema.org/schema/Brick#Zone_Air_Temperature_Setpoint,bldg1
61,aaaf9ec7-f065-4186-a42c-01c2e485504e,http://buildsys.org/ontologies/bldg1#bldg1.ZONE.AHU02.RM112.Zone_Air_Temp_Setpoint,https://brickschema.org/schema/Brick#Zone_Air_Temperature_Setpoint,bldg1
62,c08c7bb8-09f1-4fa1-89ee-57af8b124e47,http://buildsys.org/ontologies/bldg1#bldg1.ZONE.AHU02.RM110.Zone_Air_Control_Temp,https://brickschema.org/schema/Brick#Zone_Air_Temperature_Setpoint,bldg1
63,c08c7bb8-09f1-4fa1-89ee-57af8b124e47,http://buildsys.org/ontologies/bldg1#bldg1.ZONE.AHU02.RM110.Zone_Air_Control_Temp,https://brickschema.org/schema/Brick#Zone_Air_Temperature_Setpoint,bldg1
64,8d174041-2640-4619-9c09-6d241eb742fc,http://buildsys.org/ontologies/bldg1#bldg1.ZONE.AHU01.RM120.Zone_Air_Control_Temp,https://brickschema.org/schema/Brick#Zone_Air_Temperature_Setpoint,bldg1
65,8d174041-2640-4619-9c09-6d241eb742fc,http://buildsys.org/ontologies/bldg1#bldg1.ZONE.AHU01.RM120.Zone_Air_Control_Temp,https://brickschema.org/schema/Brick#Zone_Air_Temperature_Setpoint,bldg1
66,b95e9adf-8a0d-40e5-bd59-2188619390d4,http://buildsys.org/ontologies/bldg1#bldg1.ZONE.AHU02.RM110.Zone_Air_Temp_Setpoint,https://brickschema.org/schema/Brick#Zone_Air_Temperature_Setpoint,bldg1
67,b95e9adf-8a0d-40e5-bd59-2188619390d4,http://buildsys.org/ontologies/bldg1#bldg1.ZONE.AHU02.RM110.Zone_Air_Temp_Setpoint,https://brickschema.org/schema/Brick#Zone_Air_Temperature_Setpoint,bldg1
68,e0e463f3-1526-4ab5-972b-01e4a3d9cba9,http://buildsys.org/ontologies/bldg1#bldg1.AHU.AHU01.Return_Air_Temp,https://brickschema.org/schema/Brick#Return_Air_Temperature_Sensor,bldg1
69,e0e463f3-1526-4ab5-972b-01e4a3d9cba9,http://buildsys.org/ontologies/bldg1#bldg1.AHU.AHU01.Return_Air_Temp,https://brickschema.org/schema/Brick#Return_Air_Temperature_Sensor,bldg1
70,6873c895-0d95-4225-95a4-a8a6df92fee6,http://buildsys.org/ontologies/bldg1#bldg1.AHU.AHU02.Return_Air_Temp,https://brickschema.org/schema/Brick#Return_Air_Temperature_Sensor,bldg1
71,6873c895-0d95-4225-95a4-a8a6df92fee6,http://buildsys.org/ontologies/bldg1#bldg1.AHU.AHU02.Return_Air_Temp,https://brickschema.org/schema/Brick#Return_Air_Temperature_Sensor,bldg1
72,71f13305-9b79-4695-815c-98ca2ac3b6ee,http://buildsys.org/ontologies/bldg1#bldg1.ZONE.AHU02.RM103.Zone_Supply_Air_Temp,https://brickschema.org/schema/Brick#Supply_Air_Temperature_Sensor,bldg1
73,71f13305-9b79-4695-815c-98ca2ac3b6ee,http://buildsys.org/ontologies/bldg1#bldg1.ZONE.AHU02.RM103.Zone_Supply_Air_Temp,https://brickschema.org/schema/Brick#Supply_Air_Temperature_Sensor,bldg1
74,2ff13864-c092-4f38-9885-95308c66dd6c,http://buildsys.org/ontologies/bldg1#bldg1.ZONE.AHU02.RM100.Zone_Supply_Air_Temp,https://brickschema.org/schema/Brick#Supply_Air_Temperature_Sensor,bldg1
75,2ff13864-c092-4f38-9885-95308c66dd6c,http://buildsys.org/ontologies/bldg1#bldg1.ZONE.AHU02.RM100.Zone_Supply_Air_Temp,https://brickschema.org/schema/Brick#Supply_Air_Temperature_Sensor,bldg1
76,469e6e6f-c54b-4a58-a5e5-fae1442e04bd,http://buildsys.org/ontologies/bldg1#bldg1.AHU.AHU01.Supply_Air_Temp,https://brickschema.org/schema/Brick#Supply_Air_Temperature_Sensor,bldg1
77,469e6e6f-c54b-4a58-a5e5-fae1442e04bd,http://buildsys.org/ontologies/bldg1#bldg1.AHU.AHU01.Supply_Air_Temp,https://brickschema.org/schema/Brick#Supply_Air_Temperature_Sensor,bldg1
78,6ff31387-db42-48a8-a675-2876e9d95639,http://buildsys.org/ontologies/bldg1#bldg1.ZONE.AHU01.RM107A.Zone_Supply_Air_Temp,https://brickschema.org/schema/Brick#Supply_Air_Temperature_Sensor,bldg1
79,6ff31387-db42-48a8-a675-2876e9d95639,http://buildsys.org/ontologies/bldg1#bldg1.ZONE.AHU01.RM107A.Zone_Supply_Air_Temp,https://brickschema.org/schema/Brick#Supply_Air_Temperature_Sensor,bldg1
80,dc8ccd2c-0aea-45b1-baf2-024bc4a196a1,http://buildsys.org/ontologies/bldg1#bldg1.ZONE.AHU02.RM110.Zone_Supply_Air_Temp,https://brickschema.org/schema/Brick#Supply_Air_Temperature_Sensor,bldg1
81,dc8ccd2c-0aea-45b1-baf2-024bc4a196a1,http://buildsys.org/ontologies/bldg1#bldg1.ZONE.AHU02.RM110.Zone_Supply_Air_Temp,https://brickschema.org/schema/Brick#Supply_Air_Temperature_Sensor,bldg1
82,8ae33b7c-b737-4ab8-b842-290b5da3aa95,http://buildsys.org/ontologies/bldg1#bldg1.AHU.AHU02.Supply_Air_Temp,https://brickschema.org/schema/Brick#Supply_Air_Temperature_Sensor,bldg1
83,8ae33b7c-b737-4ab8-b842-290b5da3aa95,http://buildsys.org/ontologies/bldg1#bldg1.AHU.AHU02.Supply_Air_Temp,https://brickschema.org/schema/Brick#Supply_Air_Temperature_Sensor,bldg1
84,83e609d4-328e-41f8-acda-35eca81e78f1,http://buildsys.org/ontologies/bldg1#bldg1.ZONE.AHU01.RM115.Zone_Supply_Air_Temp,https://brickschema.org/schema/Brick#Supply_Air_Temperature_Sensor,bldg1
85,83e609d4-328e-41f8-acda-35eca81e78f1,http://buildsys.org/ontologies/bldg1#bldg1.ZONE.AHU01.RM115.Zone_Supply_Air_Temp,https://brickschema.org/schema/Brick#Supply_Air_Temperature_Sensor,bldg1
86,9a743458-bf3c-4070-a7c1-e66ba5f4d8ff,http://buildsys.org/ontologies/bldg1#bldg1.ZONE.AHU02.RM112.Zone_Supply_Air_Temp,https://brickschema.org/schema/Brick#Supply_Air_Temperature_Sensor,bldg1
87,9a743458-bf3c-4070-a7c1-e66ba5f4d8ff,http://buildsys.org/ontologies/bldg1#bldg1.ZONE.AHU02.RM112.Zone_Supply_Air_Temp,https://brickschema.org/schema/Brick#Supply_Air_Temperature_Sensor,bldg1
88,3b8b6e75-bd2d-4a9e-bbd4-9ad9d7fd522c,http://buildsys.org/ontologies/bldg1#bldg1.ZONE.AHU01.RM120.Zone_Supply_Air_Temp,https://brickschema.org/schema/Brick#Supply_Air_Temperature_Sensor,bldg1
89,3b8b6e75-bd2d-4a9e-bbd4-9ad9d7fd522c,http://buildsys.org/ontologies/bldg1#bldg1.ZONE.AHU01.RM120.Zone_Supply_Air_Temp,https://brickschema.org/schema/Brick#Supply_Air_Temperature_Sensor,bldg1
90,7c15b12a-91e1-430c-8888-b5b696f9ae1d,http://buildsys.org/ontologies/bldg1#bldg1.ZONE.AHU01.RM107B.Zone_Supply_Air_Temp,https://brickschema.org/schema/Brick#Supply_Air_Temperature_Sensor,bldg1
91,7c15b12a-91e1-430c-8888-b5b696f9ae1d,http://buildsys.org/ontologies/bldg1#bldg1.ZONE.AHU01.RM107B.Zone_Supply_Air_Temp,https://brickschema.org/schema/Brick#Supply_Air_Temperature_Sensor,bldg1
92,0355ffc0-a20f-4e2d-aec3-1febf7536e26,http://buildsys.org/ontologies/bldg1#bldg1.AHU.AHU01.Supply_Air_Temp_Setpoint,https://brickschema.org/schema/Brick#Supply_Air_Temperature_Setpoint,bldg1
93,0355ffc0-a20f-4e2d-aec3-1febf7536e26,http://buildsys.org/ontologies/bldg1#bldg1.AHU.AHU01.Supply_Air_Temp_Setpoint,https://brickschema.org/schema/Brick#Supply_Air_Temperature_Setpoint,bldg1
94,d40d21dc-3596-41d4-8a1a-fa4968133981,http://buildsys.org/ontologies/bldg1#bldg1.ZONE.AHU01.RM115.Zone_Air_Damper_Command,https://brickschema.org/schema/Brick#Damper_Position_Setpoint,bldg1
95,d40d21dc-3596-41d4-8a1a-fa4968133981,http://buildsys.org/ontologies/bldg1#bldg1.ZONE.AHU01.RM115.Zone_Air_Damper_Command,https://brickschema.org/schema/Brick#Damper_Position_Setpoint,bldg1
96,cd445a12-447c-4cd7-b3d3-e2960947e19d,http://buildsys.org/ontologies/bldg1#bldg1.ZONE.AHU01.RM120.Zone_Air_Damper_Command,https://brickschema.org/schema/Brick#Damper_Position_Setpoint,bldg1
97,cd445a12-447c-4cd7-b3d3-e2960947e19d,http://buildsys.org/ontologies/bldg1#bldg1.ZONE.AHU01.RM120.Zone_Air_Damper_Command,https://brickschema.org/schema/Brick#Damper_Position_Setpoint,bldg1
98,fd693709-03c0-454b-9a7e-4f9cf6eb9651,http://buildsys.org/ontologies/bldg1#bldg1.ZONE.AHU02.RM110.Zone_Air_Damper_Command,https://brickschema.org/schema/Brick#Damper_Position_Setpoint,bldg1
99,fd693709-03c0-454b-9a7e-4f9cf6eb9651,http://buildsys.org/ontologies/bldg1#bldg1.ZONE.AHU02.RM110.Zone_Air_Damper_Command,https://brickschema.org/schema/Brick#Damper_Position_Setpoint,bldg1
100,d0d9d234-2040-4b8c-93f7-0aa046865157,http://buildsys.org/ontologies/bldg1#bldg1.ZONE.AHU02.RM112.Zone_Air_Damper_Command,https://brickschema.org/schema/Brick#Damper_Position_Setpoint,bldg1
101,d0d9d234-2040-4b8c-93f7-0aa046865157,http://buildsys.org/ontologies/bldg1#bldg1.ZONE.AHU02.RM112.Zone_Air_Damper_Command,https://brickschema.org/schema/Brick#Damper_Position_Setpoint,bldg1
102,5bae035b-2881-4cac-b84c-b0fe689fb170,http://buildsys.org/ontologies/bldg1#bldg1.ZONE.AHU01.RM107B.Zone_Air_Damper_Command,https://brickschema.org/schema/Brick#Damper_Position_Setpoint,bldg1
103,5bae035b-2881-4cac-b84c-b0fe689fb170,http://buildsys.org/ontologies/bldg1#bldg1.ZONE.AHU01.RM107B.Zone_Air_Damper_Command,https://brickschema.org/schema/Brick#Damper_Position_Setpoint,bldg1
104,35d9073f-e293-4451-a170-7c60a24bd6e6,http://buildsys.org/ontologies/bldg1#bldg1.ZONE.AHU02.RM103.Zone_Air_Damper_Command,https://brickschema.org/schema/Brick#Damper_Position_Setpoint,bldg1
105,35d9073f-e293-4451-a170-7c60a24bd6e6,http://buildsys.org/ontologies/bldg1#bldg1.ZONE.AHU02.RM103.Zone_Air_Damper_Command,https://brickschema.org/schema/Brick#Damper_Position_Setpoint,bldg1
106,58f7d8fd-4852-4f9c-b6fa-a84dce723aa0,http://buildsys.org/ontologies/bldg1#bldg1.ZONE.AHU02.RM100.Zone_Air_Damper_Command,https://brickschema.org/schema/Brick#Damper_Position_Setpoint,bldg1
107,58f7d8fd-4852-4f9c-b6fa-a84dce723aa0,http://buildsys.org/ontologies/bldg1#bldg1.ZONE.AHU02.RM100.Zone_Air_Damper_Command,https://brickschema.org/schema/Brick#Damper_Position_Setpoint,bldg1
108,13954408-3b78-4483-8b18-dc0471207943,http://buildsys.org/ontologies/bldg1#bldg1.ZONE.AHU01.RM107A.Zone_Air_Damper_Command,https://brickschema.org/schema/Brick#Damper_Position_Setpoint,bldg1
109,13954408-3b78-4483-8b18-dc0471207943,http://buildsys.org/ontologies/bldg1#bldg1.ZONE.AHU01.RM107A.Zone_Air_Damper_Command,https://brickschema.org/schema/Brick#Damper_Position_Setpoint,bldg1
110,d32be83c-32b8-4cc9-a7ed-f8c440b2b3a6,http://buildsys.org/ontologies/bldg1#bldg1.CHW.Loop_Chilled_Water_Supply_Temp,https://brickschema.org/schema/Brick#Chilled_Water_Supply_Temperature_Sensor,bldg1
111,d32be83c-32b8-4cc9-a7ed-f8c440b2b3a6,http://buildsys.org/ontologies/bldg1#bldg1.CHW.Loop_Chilled_Water_Supply_Temp,https://brickschema.org/schema/Brick#Chilled_Water_Supply_Temperature_Sensor,bldg1
112,df34c7a2-7714-47d1-bbf3-3e2638f840cb,http://buildsys.org/ontologies/bldg1#bldg1.CHW.Building_Chilled_Water_Supply_Temp,https://brickschema.org/schema/Brick#Chilled_Water_Supply_Temperature_Sensor,bldg1
113,df34c7a2-7714-47d1-bbf3-3e2638f840cb,http://buildsys.org/ontologies/bldg1#bldg1.CHW.Building_Chilled_Water_Supply_Temp,https://brickschema.org/schema/Brick#Chilled_Water_Supply_Temperature_Sensor,bldg1
114,55717c35-f8f1-4e99-b82c-61980fde443c,http://buildsys.org/ontologies/bldg1#bldg1.ZONE.AHU02.RM100.Zone_Reheat_Valve_Command,https://brickschema.org/schema/Brick#Command,bldg1
115,55717c35-f8f1-4e99-b82c-61980fde443c,http://buildsys.org/ontologies/bldg1#bldg1.ZONE.AHU02.RM100.Zone_Reheat_Valve_Command,https://brickschema.org/schema/Brick#Command,bldg1
116,4aec27b6-573e-47c6-a8d1-bb2591ce9d14,http://buildsys.org/ontologies/bldg1#bldg1.ZONE.AHU01.RM107B.Zone_Reheat_Valve_Command,https://brickschema.org/schema/Brick#Command,bldg1
117,4aec27b6-573e-47c6-a8d1-bb2591ce9d14,http://buildsys.org/ontologies/bldg1#bldg1.ZONE.AHU01.RM107B.Zone_Reheat_Valve_Command,https://brickschema.org/schema/Brick#Command,bldg1
118,71b9cd29-1e40-4989-8917-a937a3924b14,http://buildsys.org/ontologies/bldg1#bldg1.ZONE.AHU02.RM112.Zone_Reheat_Valve_Command,https://brickschema.org/schema/Brick#Command,bldg1
119,71b9cd29-1e40-4989-8917-a937a3924b14,http://buildsys.org/ontologies/bldg1#bldg1.ZONE.AHU02.RM112.Zone_Reheat_Valve_Command,https://brickschema.org/schema/Brick#Command,bldg1
120,f2810364-0257-489d-8b9d-c807c23f3d82,http://buildsys.org/ontologies/bldg1#bldg1.ZONE.AHU01.RM115.Zone_Reheat_Valve_Command,https://brickschema.org/schema/Brick#Command,bldg1
121,f2810364-0257-489d-8b9d-c807c23f3d82,http://buildsys.org/ontologies/bldg1#bldg1.ZONE.AHU01.RM115.Zone_Reheat_Valve_Command,https://brickschema.org/schema/Brick#Command,bldg1
122,b7de0e8c-eb0d-412c-9482-4a3d3c48ea61,http://buildsys.org/ontologies/bldg1#bldg1.ZONE.AHU02.RM103.Zone_Reheat_Valve_Command,https://brickschema.org/schema/Brick#Command,bldg1
123,b7de0e8c-eb0d-412c-9482-4a3d3c48ea61,http://buildsys.org/ontologies/bldg1#bldg1.ZONE.AHU02.RM103.Zone_Reheat_Valve_Command,https://brickschema.org/schema/Brick#Command,bldg1
124,be8ce19d-5e81-4f43-be16-8d95366d2d1a,http://buildsys.org/ontologies/bldg1#bldg1.ZONE.AHU01.RM107A.Zone_Reheat_Valve_Command,https://brickschema.org/schema/Brick#Command,bldg1
125,be8ce19d-5e81-4f43-be16-8d95366d2d1a,http://buildsys.org/ontologies/bldg1#bldg1.ZONE.AHU01.RM107A.Zone_Reheat_Valve_Command,https://brickschema.org/schema/Brick#Command,bldg1
126,eb39cab6-d949-4137-b262-ada88fd24a02,http://buildsys.org/ontologies/bldg1#bldg1.ZONE.AHU01.RM120.Zone_Reheat_Valve_Command,https://brickschema.org/schema/Brick#Command,bldg1
127,eb39cab6-d949-4137-b262-ada88fd24a02,http://buildsys.org/ontologies/bldg1#bldg1.ZONE.AHU01.RM120.Zone_Reheat_Valve_Command,https://brickschema.org/schema/Brick#Command,bldg1
128,829bbbf1-1783-49a8-99f8-d2203f2fa586,http://buildsys.org/ontologies/bldg1#bldg1.ZONE.AHU02.RM110.Zone_Reheat_Valve_Command,https://brickschema.org/schema/Brick#Command,bldg1
129,829bbbf1-1783-49a8-99f8-d2203f2fa586,http://buildsys.org/ontologies/bldg1#bldg1.ZONE.AHU02.RM110.Zone_Reheat_Valve_Command,https://brickschema.org/schema/Brick#Command,bldg1
130,0f2ee4a9-87df-42b2-ba07-17c834c00f39,http://buildsys.org/ontologies/bldg1#bldg1.ZONE.AHU02.RM100.Zone_Supply_Air_Flow,https://brickschema.org/schema/Brick#Supply_Air_Flow_Sensor,bldg1
131,0f2ee4a9-87df-42b2-ba07-17c834c00f39,http://buildsys.org/ontologies/bldg1#bldg1.ZONE.AHU02.RM100.Zone_Supply_Air_Flow,https://brickschema.org/schema/Brick#Supply_Air_Flow_Sensor,bldg1
132,2ab9885d-aaa9-40d4-802f-5eeea1e59a8a,http://buildsys.org/ontologies/bldg1#bldg1.ZONE.AHU01.RM120.Zone_Supply_Air_Flow,https://brickschema.org/schema/Brick#Supply_Air_Flow_Sensor,bldg1
133,2ab9885d-aaa9-40d4-802f-5eeea1e59a8a,http://buildsys.org/ontologies/bldg1#bldg1.ZONE.AHU01.RM120.Zone_Supply_Air_Flow,https://brickschema.org/schema/Brick#Supply_Air_Flow_Sensor,bldg1
134,7060819e-bf25-4183-9ba1-8c7f5c5c11f4,http://buildsys.org/ontologies/bldg1#bldg1.ZONE.AHU02.RM112.Zone_Supply_Air_Flow,https://brickschema.org/schema/Brick#Supply_Air_Flow_Sensor,bldg1
135,7060819e-bf25-4183-9ba1-8c7f5c5c11f4,http://buildsys.org/ontologies/bldg1#bldg1.ZONE.AHU02.RM112.Zone_Supply_Air_Flow,https://brickschema.org/schema/Brick#Supply_Air_Flow_Sensor,bldg1
136,70c47b2e-6417-41d3-a311-75ea39afef99,http://buildsys.org/ontologies/bldg1#bldg1.ZONE.AHU02.RM103.Zone_Supply_Air_Flow,https://brickschema.org/schema/Brick#Supply_Air_Flow_Sensor,bldg1
137,70c47b2e-6417-41d3-a311-75ea39afef99,http://buildsys.org/ontologies/bldg1#bldg1.ZONE.AHU02.RM103.Zone_Supply_Air_Flow,https://brickschema.org/schema/Brick#Supply_Air_Flow_Sensor,bldg1
138,f2767ea5-f93b-4e69-ac6a-bc4294d79e75,http://buildsys.org/ontologies/bldg1#bldg1.ZONE.AHU01.RM115.Zone_Supply_Air_Flow,https://brickschema.org/schema/Brick#Supply_Air_Flow_Sensor,bldg1
139,f2767ea5-f93b-4e69-ac6a-bc4294d79e75,http://buildsys.org/ontologies/bldg1#bldg1.ZONE.AHU01.RM115.Zone_Supply_Air_Flow,https://brickschema.org/schema/Brick#Supply_Air_Flow_Sensor,bldg1
140,037993e1-31fc-4212-aaf1-8465a9481bf8,http://buildsys.org/ontologies/bldg1#bldg1.ZONE.AHU01.RM107A.Zone_Supply_Air_Flow,https://brickschema.org/schema/Brick#Supply_Air_Flow_Sensor,bldg1
141,037993e1-31fc-4212-aaf1-8465a9481bf8,http://buildsys.org/ontologies/bldg1#bldg1.ZONE.AHU01.RM107A.Zone_Supply_Air_Flow,https://brickschema.org/schema/Brick#Supply_Air_Flow_Sensor,bldg1
142,e20d73cb-c239-4c51-b4f4-774b89410b82,http://buildsys.org/ontologies/bldg1#bldg1.ZONE.AHU02.RM110.Zone_Supply_Air_Flow,https://brickschema.org/schema/Brick#Supply_Air_Flow_Sensor,bldg1
143,e20d73cb-c239-4c51-b4f4-774b89410b82,http://buildsys.org/ontologies/bldg1#bldg1.ZONE.AHU02.RM110.Zone_Supply_Air_Flow,https://brickschema.org/schema/Brick#Supply_Air_Flow_Sensor,bldg1
144,522a64b7-0041-4d92-a62d-28dc66de435c,http://buildsys.org/ontologies/bldg1#bldg1.ZONE.AHU01.RM107B.Zone_Supply_Air_Flow,https://brickschema.org/schema/Brick#Supply_Air_Flow_Sensor,bldg1
145,522a64b7-0041-4d92-a62d-28dc66de435c,http://buildsys.org/ontologies/bldg1#bldg1.ZONE.AHU01.RM107B.Zone_Supply_Air_Flow,https://brickschema.org/schema/Brick#Supply_Air_Flow_Sensor,bldg1
146,1c8a55c2-68f5-4d73-a83b-834632ef41f0,http://buildsys.org/ontologies/bldg1#bldg1.CHW.ECONOMIZER,https://brickschema.org/schema/Brick#Damper_Position_Command,bldg1
147,1c8a55c2-68f5-4d73-a83b-834632ef41f0,http://buildsys.org/ontologies/bldg1#bldg1.CHW.ECONOMIZER,https://brickschema.org/schema/Brick#Damper_Position_Command,bldg1
148,f63ddaa8-ed9e-4c00-83c8-05e6236fe6c4,http://buildsys.org/ontologies/bldg1#bldg1.AHU.AHU02.Supply_Air_Pressure,https://brickschema.org/schema/Brick#Supply_Air_Static_Pressure_Sensor,bldg1
149,f63ddaa8-ed9e-4c00-83c8-05e6236fe6c4,http://buildsys.org/ontologies/bldg1#bldg1.AHU.AHU02.Supply_Air_Pressure,https://brickschema.org/schema/Brick#Supply_Air_Static_Pressure_Sensor,bldg1
150,220b1728-6017-42be-9ded-daec6206342e,http://buildsys.org/ontologies/bldg1#bldg1.AHU.AHU01.Supply_Air_Pressure,https://brickschema.org/schema/Brick#Supply_Air_Static_Pressure_Sensor,bldg1
151,220b1728-6017-42be-9ded-daec6206342e,http://buildsys.org/ontologies/bldg1#bldg1.AHU.AHU01.Supply_Air_Pressure,https://brickschema.org/schema/Brick#Supply_Air_Static_Pressure_Sensor,bldg1
152,294655d6-919b-4376-a625-65a34799bf49,http://buildsys.org/ontologies/bldg1#bldg1.AHU.AHU02.Cooling_Valve_Output,https://brickschema.org/schema/Brick#Valve_Command,bldg1
153,294655d6-919b-4376-a625-65a34799bf49,http://buildsys.org/ontologies/bldg1#bldg1.AHU.AHU02.Cooling_Valve_Output,https://brickschema.org/schema/Brick#Valve_Command,bldg1
154,294655d6-919b-4376-a625-65a34799bf49,http://buildsys.org/ontologies/bldg1#bldg1.AHU.AHU02.Cooling_Valve_Output,https://brickschema.org/schema/Brick#Cooling_Command,bldg1
155,294655d6-919b-4376-a625-65a34799bf49,http://buildsys.org/ontologies/bldg1#bldg1.AHU.AHU02.Cooling_Valve_Output,https://brickschema.org/schema/Brick#Cooling_Command,bldg1
156,6bfc2495-f9bf-43b2-a328-51a3deb99271,http://buildsys.org/ontologies/bldg1#bldg1.AHU.AHU02.CCV,https://brickschema.org/schema/Brick#Valve_Command,bldg1
157,6bfc2495-f9bf-43b2-a328-51a3deb99271,http://buildsys.org/ontologies/bldg1#bldg1.AHU.AHU02.CCV,https://brickschema.org/schema/Brick#Valve_Command,bldg1
158,6bfc2495-f9bf-43b2-a328-51a3deb99271,http://buildsys.org/ontologies/bldg1#bldg1.AHU.AHU02.CCV,https://brickschema.org/schema/Brick#Cooling_Command,bldg1
159,6bfc2495-f9bf-43b2-a328-51a3deb99271,http://buildsys.org/ontologies/bldg1#bldg1.AHU.AHU02.CCV,https://brickschema.org/schema/Brick#Cooling_Command,bldg1
160,c632b4c5-8744-4540-aa70-9b2d095cf6c3,http://buildsys.org/ontologies/bldg1#bldg1.AHU.AHU01.CCV,https://brickschema.org/schema/Brick#Valve_Command,bldg1
161,c632b4c5-8744-4540-aa70-9b2d095cf6c3,http://buildsys.org/ontologies/bldg1#bldg1.AHU.AHU01.CCV,https://brickschema.org/schema/Brick#Valve_Command,bldg1
162,c632b4c5-8744-4540-aa70-9b2d095cf6c3,http://buildsys.org/ontologies/bldg1#bldg1.AHU.AHU01.CCV,https://brickschema.org/schema/Brick#Cooling_Command,bldg1
163,c632b4c5-8744-4540-aa70-9b2d095cf6c3,http://buildsys.org/ontologies/bldg1#bldg1.AHU.AHU01.CCV,https://brickschema.org/schema/Brick#Cooling_Command,bldg1
164,7c54d613-bec5-4a5d-84a8-e83e97990809,http://buildsys.org/ontologies/bldg1#bldg1.AHU.AHU01.Cooling_Valve_Output,https://brickschema.org/schema/Brick#Valve_Command,bldg1
165,7c54d613-bec5-4a5d-84a8-e83e97990809,http://buildsys.org/ontologies/bldg1#bldg1.AHU.AHU01.Cooling_Valve_Output,https://brickschema.org/schema/Brick#Valve_Command,bldg1
166,7c54d613-bec5-4a5d-84a8-e83e97990809,http://buildsys.org/ontologies/bldg1#bldg1.AHU.AHU01.Cooling_Valve_Output,https://brickschema.org/schema/Brick#Cooling_Command,bldg1
167,7c54d613-bec5-4a5d-84a8-e83e97990809,http://buildsys.org/ontologies/bldg1#bldg1.AHU.AHU01.Cooling_Valve_Output,https://brickschema.org/schema/Brick#Cooling_Command,bldg1
168,a829e887-efa7-4c9a-bffc-607956515b54,http://buildsys.org/ontologies/bldg1#bldg1.CHW.Pump1_Start/Stop,https://brickschema.org/schema/Brick#Start_Stop_Command,bldg1
169,a829e887-efa7-4c9a-bffc-607956515b54,http://buildsys.org/ontologies/bldg1#bldg1.CHW.Pump1_Start/Stop,https://brickschema.org/schema/Brick#Start_Stop_Command,bldg1
170,acf40e98-55a6-466a-b067-61604eb90191,http://buildsys.org/ontologies/bldg1#bldg1.ZONE.AHU01.RM120.Zone_Percent_Air_Flow,https://brickschema.org/schema/Brick#Air_Flow_Sensor,bldg1
171,acf40e98-55a6-466a-b067-61604eb90191,http://buildsys.org/ontologies/bldg1#bldg1.ZONE.AHU01.RM120.Zone_Percent_Air_Flow,https://brickschema.org/schema/Brick#Air_Flow_Sensor,bldg1
172,af80997d-6d1a-49ce-a0fe-d4b3398b40df,http://buildsys.org/ontologies/bldg1#bldg1.ZONE.AHU02.RM112.Zone_Percent_Air_Flow,https://brickschema.org/schema/Brick#Air_Flow_Sensor,bldg1
173,af80997d-6d1a-49ce-a0fe-d4b3398b40df,http://buildsys.org/ontologies/bldg1#bldg1.ZONE.AHU02.RM112.Zone_Percent_Air_Flow,https://brickschema.org/schema/Brick#Air_Flow_Sensor,bldg1
174,46900bf3-6764-452e-bed1-5cbad32b8b48,http://buildsys.org/ontologies/bldg1#bldg1.ZONE.AHU02.RM100.Zone_Percent_Air_Flow,https://brickschema.org/schema/Brick#Air_Flow_Sensor,bldg1
175,46900bf3-6764-452e-bed1-5cbad32b8b48,http://buildsys.org/ontologies/bldg1#bldg1.ZONE.AHU02.RM100.Zone_Percent_Air_Flow,https://brickschema.org/schema/Brick#Air_Flow_Sensor,bldg1
176,78859081-dbb7-4a32-a1bb-787776250209,http://buildsys.org/ontologies/bldg1#bldg1.ZONE.AHU02.RM110.Zone_Percent_Air_Flow,https://brickschema.org/schema/Brick#Air_Flow_Sensor,bldg1
177,78859081-dbb7-4a32-a1bb-787776250209,http://buildsys.org/ontologies/bldg1#bldg1.ZONE.AHU02.RM110.Zone_Percent_Air_Flow,https://brickschema.org/schema/Brick#Air_Flow_Sensor,bldg1
178,778b01e9-8022-4134-a29c-1b9d0106328e,http://buildsys.org/ontologies/bldg1#bldg1.ZONE.AHU01.RM107A.Zone_Percent_Air_Flow,https://brickschema.org/schema/Brick#Air_Flow_Sensor,bldg1
179,778b01e9-8022-4134-a29c-1b9d0106328e,http://buildsys.org/ontologies/bldg1#bldg1.ZONE.AHU01.RM107A.Zone_Percent_Air_Flow,https://brickschema.org/schema/Brick#Air_Flow_Sensor,bldg1
180,0032ad65-eb0c-4e8e-81db-54792730358a,http://buildsys.org/ontologies/bldg1#bldg1.ZONE.AHU01.RM107B.Zone_Percent_Air_Flow,https://brickschema.org/schema/Brick#Air_Flow_Sensor,bldg1
181,0032ad65-eb0c-4e8e-81db-54792730358a,http://buildsys.org/ontologies/bldg1#bldg1.ZONE.AHU01.RM107B.Zone_Percent_Air_Flow,https://brickschema.org/schema/Brick#Air_Flow_Sensor,bldg1
182,5cab6cdd-d65e-46be-ac58-2371e98b3c84,http://buildsys.org/ontologies/bldg1#bldg1.ZONE.AHU02.RM103.Zone_Percent_Air_Flow,https://brickschema.org/schema/Brick#Air_Flow_Sensor,bldg1
183,5cab6cdd-d65e-46be-ac58-2371e98b3c84,http://buildsys.org/ontologies/bldg1#bldg1.ZONE.AHU02.RM103.Zone_Percent_Air_Flow,https://brickschema.org/schema/Brick#Air_Flow_Sensor,bldg1
184,6248e426-d9d6-4f99-b933-cc1a58adc855,http://buildsys.org/ontologies/bldg1#bldg1.ZONE.AHU01.RM115.Zone_Percent_Air_Flow,https://brickschema.org/schema/Brick#Air_Flow_Sensor,bldg1
185,6248e426-d9d6-4f99-b933-cc1a58adc855,http://buildsys.org/ontologies/bldg1#bldg1.ZONE.AHU01.RM115.Zone_Percent_Air_Flow,https://brickschema.org/schema/Brick#Air_Flow_Sensor,bldg1
186,0d3446d0-d237-44b8-a6f8-0d804a0bd83a,http://buildsys.org/ontologies/bldg1#bldg1.AHU.AHU01.Outside_Air_Temp,https://brickschema.org/schema/Brick#Outside_Air_Temperature_Sensor,bldg1
187,0d3446d0-d237-44b8-a6f8-0d804a0bd83a,http://buildsys.org/ontologies/bldg1#bldg1.AHU.AHU01.Outside_Air_Temp,https://brickschema.org/schema/Brick#Outside_Air_Temperature_Sensor,bldg1
0,7e326d0f-abd0-4a1b-b3da-3ae3858cebc2,http://buildsys.org/ontologies/bldg2#bldg2.CHW.Loop_Chilled_Water_Return_Temp,https://brickschema.org/schema/Brick#Chilled_Water_Return_Temperature_Sensor,bldg2
1,7e326d0f-abd0-4a1b-b3da-3ae3858cebc2,http://buildsys.org/ontologies/bldg2#bldg2.CHW.Loop_Chilled_Water_Return_Temp,https://brickschema.org/schema/Brick#Chilled_Water_Return_Temperature_Sensor,bldg2
2,b3452ef9-9ded-4034-9004-c9192f98546e,http://buildsys.org/ontologies/bldg2#bldg2.CHW.Building_Chilled_Water_Return_Temp,https://brickschema.org/schema/Brick#Chilled_Water_Return_Temperature_Sensor,bldg2
3,b3452ef9-9ded-4034-9004-c9192f98546e,http://buildsys.org/ontologies/bldg2#bldg2.CHW.Building_Chilled_Water_Return_Temp,https://brickschema.org/schema/Brick#Chilled_Water_Return_Temperature_Sensor,bldg2
4,c756927a-2e7c-4545-8a10-ab82c52a446c,http://buildsys.org/ontologies/bldg2#bldg2.AHU.AC2.CCV,https://brickschema.org/schema/Brick#Valve_Command,bldg2
5,c756927a-2e7c-4545-8a10-ab82c52a446c,http://buildsys.org/ontologies/bldg2#bldg2.AHU.AC2.CCV,https://brickschema.org/schema/Brick#Valve_Command,bldg2
6,c756927a-2e7c-4545-8a10-ab82c52a446c,http://buildsys.org/ontologies/bldg2#bldg2.AHU.AC2.CCV,https://brickschema.org/schema/Brick#Cooling_Command,bldg2
7,c756927a-2e7c-4545-8a10-ab82c52a446c,http://buildsys.org/ontologies/bldg2#bldg2.AHU.AC2.CCV,https://brickschema.org/schema/Brick#Cooling_Command,bldg2
8,ebd88574-1bd6-4e41-a788-89185f74268b,http://buildsys.org/ontologies/bldg2#bldg2.AHU.AC4.CCV,https://brickschema.org/schema/Brick#Valve_Command,bldg2
9,ebd88574-1bd6-4e41-a788-89185f74268b,http://buildsys.org/ontologies/bldg2#bldg2.AHU.AC4.CCV,https://brickschema.org/schema/Brick#Valve_Command,bldg2
10,ebd88574-1bd6-4e41-a788-89185f74268b,http://buildsys.org/ontologies/bldg2#bldg2.AHU.AC4.CCV,https://brickschema.org/schema/Brick#Cooling_Command,bldg2
11,ebd88574-1bd6-4e41-a788-89185f74268b,http://buildsys.org/ontologies/bldg2#bldg2.AHU.AC4.CCV,https://brickschema.org/schema/Brick#Cooling_Command,bldg2
12,78883812-04d1-424a-a615-80b22bcc6f56,http://buildsys.org/ontologies/bldg2#bldg2.AHU.AC3.CCV,https://brickschema.org/schema/Brick#Valve_Command,bldg2
13,78883812-04d1-424a-a615-80b22bcc6f56,http://buildsys.org/ontologies/bldg2#bldg2.AHU.AC3.CCV,https://brickschema.org/schema/Brick#Valve_Command,bldg2
14,78883812-04d1-424a-a615-80b22bcc6f56,http://buildsys.org/ontologies/bldg2#bldg2.AHU.AC3.CCV,https://brickschema.org/schema/Brick#Cooling_Command,bldg2
15,78883812-04d1-424a-a615-80b22bcc6f56,http://buildsys.org/ontologies/bldg2#bldg2.AHU.AC3.CCV,https://brickschema.org/schema/Brick#Cooling_Command,bldg2
16,dd464cc6-8323-4e5a-866d-eab4d8b70446,http://buildsys.org/ontologies/bldg2#bldg2.AHU.AC02.Return_Air_Temp,https://brickschema.org/schema/Brick#Return_Air_Temperature_Sensor,bldg2
17,dd464cc6-8323-4e5a-866d-eab4d8b70446,http://buildsys.org/ontologies/bldg2#bldg2.AHU.AC02.Return_Air_Temp,https://brickschema.org/schema/Brick#Return_Air_Temperature_Sensor,bldg2
18,0daecea7-ff54-4473-af19-ca8281ef6b4e,http://buildsys.org/ontologies/bldg2#bldg2.AHU.AC4.Supply_Air_Temp,https://brickschema.org/schema/Brick#Supply_Air_Temperature_Sensor,bldg2
19,0daecea7-ff54-4473-af19-ca8281ef6b4e,http://buildsys.org/ontologies/bldg2#bldg2.AHU.AC4.Supply_Air_Temp,https://brickschema.org/schema/Brick#Supply_Air_Temperature_Sensor,bldg2
20,0a4ef706-b5c2-4f80-be05-4b84d51fa819,http://buildsys.org/ontologies/bldg2#bldg2.AHU.AC2.Supply_Air_Temp,https://brickschema.org/schema/Brick#Supply_Air_Temperature_Sensor,bldg2
21,0a4ef706-b5c2-4f80-be05-4b84d51fa819,http://buildsys.org/ontologies/bldg2#bldg2.AHU.AC2.Supply_Air_Temp,https://brickschema.org/schema/Brick#Supply_Air_Temperature_Sensor,bldg2
22,a1be5877-dac4-43be-93d7-20f83a014fc7,http://buildsys.org/ontologies/bldg2#bldg2.AHU.AC3.Supply_Air_Temp,https://brickschema.org/schema/Brick#Supply_Air_Temperature_Sensor,bldg2
23,a1be5877-dac4-43be-93d7-20f83a014fc7,http://buildsys.org/ontologies/bldg2#bldg2.AHU.AC3.Supply_Air_Temp,https://brickschema.org/schema/Brick#Supply_Air_Temperature_Sensor,bldg2
24,cf4c5bd8-c078-4f9a-9466-076249a34dfa,http://buildsys.org/ontologies/bldg2#bldg2.AHU.AC4.Supply_Air_Temp_Setpoint,https://brickschema.org/schema/Brick#Supply_Air_Temperature_Setpoint,bldg2
25,cf4c5bd8-c078-4f9a-9466-076249a34dfa,http://buildsys.org/ontologies/bldg2#bldg2.AHU.AC4.Supply_Air_Temp_Setpoint,https://brickschema.org/schema/Brick#Supply_Air_Temperature_Setpoint,bldg2
26,31e4fd23-155b-47a3-9ca6-e54b5f836c8e,http://buildsys.org/ontologies/bldg2#bldg2.AHU.AC3.Supply_Air_Temp_Setpoint,https://brickschema.org/schema/Brick#Supply_Air_Temperature_Setpoint,bldg2
27,31e4fd23-155b-47a3-9ca6-e54b5f836c8e,http://buildsys.org/ontologies/bldg2#bldg2.AHU.AC3.Supply_Air_Temp_Setpoint,https://brickschema.org/schema/Brick#Supply_Air_Temperature_Setpoint,bldg2
28,3799d427-0209-42e9-9321-06f1ebfb2ced,http://buildsys.org/ontologies/bldg2#bldg2.AHU.AC2.Supply_Air_Temp_Setpoint,https://brickschema.org/schema/Brick#Supply_Air_Temperature_Setpoint,bldg2
29,3799d427-0209-42e9-9321-06f1ebfb2ced,http://buildsys.org/ontologies/bldg2#bldg2.AHU.AC2.Supply_Air_Temp_Setpoint,https://brickschema.org/schema/Brick#Supply_Air_Temperature_Setpoint,bldg2
30,af234e3d-57e7-4356-b066-ef18e43c3cbb,http://buildsys.org/ontologies/bldg2#bldg2.CHW.Building_Chilled_Water_Supply_Temp,https://brickschema.org/schema/Brick#Chilled_Water_Supply_Temperature_Sensor,bldg2
31,af234e3d-57e7-4356-b066-ef18e43c3cbb,http://buildsys.org/ontologies/bldg2#bldg2.CHW.Building_Chilled_Water_Supply_Temp,https://brickschema.org/schema/Brick#Chilled_Water_Supply_Temperature_Sensor,bldg2
32,c6e8d0b9-0c05-470f-b8bb-c9176c2731e6,http://buildsys.org/ontologies/bldg2#bldg2.CHW.Loop_Chilled_Water_Supply_Temp,https://brickschema.org/schema/Brick#Chilled_Water_Supply_Temperature_Sensor,bldg2
33,c6e8d0b9-0c05-470f-b8bb-c9176c2731e6,http://buildsys.org/ontologies/bldg2#bldg2.CHW.Loop_Chilled_Water_Supply_Temp,https://brickschema.org/schema/Brick#Chilled_Water_Supply_Temperature_Sensor,bldg2
34,8e38b8bb-68ef-44c5-936a-a360bd6d784f,http://buildsys.org/ontologies/bldg2#bldg2.AHU.AC3.Heating_Valve_Output,https://brickschema.org/schema/Brick#Command,bldg2
35,8e38b8bb-68ef-44c5-936a-a360bd6d784f,http://buildsys.org/ontologies/bldg2#bldg2.AHU.AC3.Heating_Valve_Output,https://brickschema.org/schema/Brick#Command,bldg2
36,ba94919d-fc29-441f-b6fe-a664d87b8e44,http://buildsys.org/ontologies/bldg2#bldg2.AHU.AC4.Heating_Valve_Output,https://brickschema.org/schema/Brick#Command,bldg2
37,ba94919d-fc29-441f-b6fe-a664d87b8e44,http://buildsys.org/ontologies/bldg2#bldg2.AHU.AC4.Heating_Valve_Output,https://brickschema.org/schema/Brick#Command,bldg2
38,c172c10c-a177-4697-92bf-6b6b1eb50533,http://buildsys.org/ontologies/bldg2#bldg2.AHU.AC2.Heating_Valve_Output,https://brickschema.org/schema/Brick#Command,bldg2
39,c172c10c-a177-4697-92bf-6b6b1eb50533,http://buildsys.org/ontologies/bldg2#bldg2.AHU.AC2.Heating_Valve_Output,https://brickschema.org/schema/Brick#Command,bldg2
40,04a3cce3-ee48-4bc6-8a74-daca51797f06,http://buildsys.org/ontologies/bldg2#bldg2.CHW.ECONOMIZER,https://brickschema.org/schema/Brick#Damper_Position_Command,bldg2
41,04a3cce3-ee48-4bc6-8a74-daca51797f06,http://buildsys.org/ontologies/bldg2#bldg2.CHW.ECONOMIZER,https://brickschema.org/schema/Brick#Damper_Position_Command,bldg2
42,7e714994-9426-4f2d-a514-04dcd54cba3b,http://buildsys.org/ontologies/bldg2#bldg2.CHW.Loop_Chilled_Water_Flow,https://brickschema.org/schema/Brick#Chilled_Water_Flow_Sensor,bldg2
43,7e714994-9426-4f2d-a514-04dcd54cba3b,http://buildsys.org/ontologies/bldg2#bldg2.CHW.Loop_Chilled_Water_Flow,https://brickschema.org/schema/Brick#Chilled_Water_Flow_Sensor,bldg2
44,c756927a-2e7c-4545-8a10-ab82c52a446c,http://buildsys.org/ontologies/bldg2#bldg2.AHU.AC2.CCV,https://brickschema.org/schema/Brick#Valve_Command,bldg2
45,c756927a-2e7c-4545-8a10-ab82c52a446c,http://buildsys.org/ontologies/bldg2#bldg2.AHU.AC2.CCV,https://brickschema.org/schema/Brick#Valve_Command,bldg2
46,c756927a-2e7c-4545-8a10-ab82c52a446c,http://buildsys.org/ontologies/bldg2#bldg2.AHU.AC2.CCV,https://brickschema.org/schema/Brick#Cooling_Command,bldg2
47,c756927a-2e7c-4545-8a10-ab82c52a446c,http://buildsys.org/ontologies/bldg2#bldg2.AHU.AC2.CCV,https://brickschema.org/schema/Brick#Cooling_Command,bldg2
48,ebd88574-1bd6-4e41-a788-89185f74268b,http://buildsys.org/ontologies/bldg2#bldg2.AHU.AC4.CCV,https://brickschema.org/schema/Brick#Valve_Command,bldg2
49,ebd88574-1bd6-4e41-a788-89185f74268b,http://buildsys.org/ontologies/bldg2#bldg2.AHU.AC4.CCV,https://brickschema.org/schema/Brick#Valve_Command,bldg2
50,ebd88574-1bd6-4e41-a788-89185f74268b,http://buildsys.org/ontologies/bldg2#bldg2.AHU.AC4.CCV,https://brickschema.org/schema/Brick#Cooling_Command,bldg2
51,ebd88574-1bd6-4e41-a788-89185f74268b,http://buildsys.org/ontologies/bldg2#bldg2.AHU.AC4.CCV,https://brickschema.org/schema/Brick#Cooling_Command,bldg2
52,78883812-04d1-424a-a615-80b22bcc6f56,http://buildsys.org/ontologies/bldg2#bldg2.AHU.AC3.CCV,https://brickschema.org/schema/Brick#Valve_Command,bldg2
53,78883812-04d1-424a-a615-80b22bcc6f56,http://buildsys.org/ontologies/bldg2#bldg2.AHU.AC3.CCV,https://brickschema.org/schema/Brick#Valve_Command,bldg2
54,78883812-04d1-424a-a615-80b22bcc6f56,http://buildsys.org/ontologies/bldg2#bldg2.AHU.AC3.CCV,https://brickschema.org/schema/Brick#Cooling_Command,bldg2
55,78883812-04d1-424a-a615-80b22bcc6f56,http://buildsys.org/ontologies/bldg2#bldg2.AHU.AC3.CCV,https://brickschema.org/schema/Brick#Cooling_Command,bldg2
56,1c6d9ea8-f32f-4aa3-a267-3c5a2f297028,http://buildsys.org/ontologies/bldg2#bldg2.AHU.AC03.Outside_Air_Temp,https://brickschema.org/schema/Brick#Outside_Air_Temperature_Sensor,bldg2
57,1c6d9ea8-f32f-4aa3-a267-3c5a2f297028,http://buildsys.org/ontologies/bldg2#bldg2.AHU.AC03.Outside_Air_Temp,https://brickschema.org/schema/Brick#Outside_Air_Temperature_Sensor,bldg2
58,063306a5-86c5-4e85-8cc1-b7443624151c,http://buildsys.org/ontologies/bldg2#bldg2.AHU.AC04.Outside_Air_Temp,https://brickschema.org/schema/Brick#Outside_Air_Temperature_Sensor,bldg2
59,063306a5-86c5-4e85-8cc1-b7443624151c,http://buildsys.org/ontologies/bldg2#bldg2.AHU.AC04.Outside_Air_Temp,https://brickschema.org/schema/Brick#Outside_Air_Temperature_Sensor,bldg2
60,ba85e48a-ff86-4208-b9c9-6fdea781b2dd,http://buildsys.org/ontologies/bldg2#bldg2.AHU.AC02.Outside_Air_Temp,https://brickschema.org/schema/Brick#Outside_Air_Temperature_Sensor,bldg2
61,ba85e48a-ff86-4208-b9c9-6fdea781b2dd,http://buildsys.org/ontologies/bldg2#bldg2.AHU.AC02.Outside_Air_Temp,https://brickschema.org/schema/Brick#Outside_Air_Temperature_Sensor,bldg2
